category,name,priceRub,packDisplay,mainPhotoId,mainPhotoFile,status,hasFlavorChoice,flavors,flavorPhotoFallbacks,issues
Вода/Минералка,"серноводская 0,5л пэт",320,12 ?? ? ??,voda-1,voda-1.jpg,active,???,,,
Вода/Минералка,"серноводская 0,5л стекло",550,12 ?? ? ??,voda-2,voda-2.jpg,active,???,,,
Вода/Минералка,"серноводская 1,5л пэт",270,6 ?? ? ??,voda-3,voda-3.jpg,active,???,,,
Вода/Минералка,серноводская 5л,150,2 ?? ? ??,voda-4,voda-4.jpg,active,???,,,
Вода/Минералка,"серноводская лимон 0,5л",460,12 ?? ? ??,voda-5,voda-5.jpg,active,???,,,
Вода/Минералка,"серноводская минеральная 0,5л стекло",690,12 ?? ? ??,voda-6,voda-6.jpg,active,???,,,
Вода/Минералка,"родники 0,5л",165,12 ?? ? ??,voda-7,,draft,???,,,?? ??????? ???????? ????: voda-7
Вода/Минералка,"пилигрим 0,5л",480,12 ?? ? ??,voda-8,voda-8.jpg,active,???,,,
Вода/Минералка,"шишкин лес 0,4л",465,12 ?? ? ??,voda-9,voda-9.jpg,active,???,,,
Вода/Минералка,"шишкин лес спорт 0,4л",560,12 ?? ? ??,voda-10,voda-10.jpg,active,???,,,
Вода/Минералка,шишкин лес 1л,580,12 ?? ? ??,voda-11,voda-11.jpg,active,???,,,
Вода/Минералка,шишкин лес спорт 1л,650,12 ?? ? ??,voda-12,voda-12.jpg,active,???,,,
Вода/Минералка,"горная 1,5л пэт",240,6 ?? ? ??,voda-13,voda-13.jpg,active,???,,,
Вода/Минералка,горная 5л,60,1 ?? ? ??,voda-14,,draft,???,,,?? ??????? ???????? ????: voda-14
Вода/Минералка,"горная лимон 0,5л",410,12 ?? ? ??,voda-15,voda-15.jpg,active,???,,,
Вода/Минералка,"бабугент 0,3л",540,12 ?? ? ??,voda-16,voda-16.jpg,active,???,,,
Вода/Минералка,"бабугент 0,65л",720,12 ?? ? ??,voda-17,voda-17.jpg,active,???,,,
Вода/Минералка,боржоми 0.5 минеральная стекло,1200,12 ?? ? ??,voda-new-1,voda-new-1.jpg,active,???,,,
Газированные,"исаев 0,33л ж/б",1480,12 ?? ? ??,gaz-1,gaz-1.jpg,active,??,Каламанси; Манго; Вишня; Гуава; Маракуя; Гранат,Каламанси; Манго; Вишня; Гуава; Маракуя; Гранат,
Газированные,"кинза 0,36л ж/б",1480,24 ?? ? ??,gaz-2,Gaz-2.jpg,active,??,Цитрус; Кола; Апельсин; Кола-Зеро; Лимон-Зеро; Гранат,Цитрус; Кола; Апельсин; Кола-Зеро; Лимон-Зеро; Гранат,
Газированные,"кока-кола 0,25л афган ж/б",1150,24 ?? ? ??,gaz-3,gaz-3.jpg,active,???,,,
Газированные,"кока-кола Добрый 0,33л ж/б",1170,24 ?? ? ??,gaz-4,gaz-4.jpg,active,???,,,
Газированные,"кола Иран 0,33л ж/б",1200,24 ?? ? ??,gaz-5,gaz-5.jpg,active,???,,,
Газированные,"кола 0,33л стекло",1180,15 ?? ? ??,gaz-6,gaz-6.jpg,active,???,,,
Газированные,Кола Кубаночка 0.5 стекло,480,6 ?? ? ??,gaz-100,gaz-100.jpg,active,???,,,
Газированные,кола добрый 1л пэт,900,12 ?? ? ??,gaz-7,gaz-7.jpg,active,???,,,
Газированные,"миринда 0,33л иран ж/б",1200,24 ?? ? ??,gaz-8,gaz-8.jpg,active,???,,,
Газированные,"пепси 0,33л иран ж/б",1200,24 ?? ? ??,gaz-9,gaz-9.jpg,active,???,,,
Газированные,"пепси 0,25л афган ж/б",1150,24 ?? ? ??,gaz-10,gaz-10.jpg,active,???,,,
Газированные,"пепси классическая 1,25л пэт",980,12 ?? ? ??,gaz-11,gaz-11.jpg,active,???,,,
Газированные,"пепси 2,25л пэт",890,6 ?? ? ??,gaz-12,gaz-12.jpg,active,???,,,
Газированные,спрайт лимонная 1л пэт,1080,12 ?? ? ??,gaz-13,gaz-13.jpg,active,???,,,
Газированные,спрайт 2л пэт,890,6 ?? ? ??,gaz-14,gaz-14.jpg,active,???,,,
Газированные,"фанта 0,33л иран ж/б",1200,24 ?? ? ??,gaz-15,gaz-15.jpg,active,???,,,
Газированные,"фанта 0,33л стекло",1100,15 ?? ? ??,gaz-16,gaz-16.jpg,active,???,,,
Газированные,мохито 0.5 ж/б клубника,1350,24 ?? ? ??,gaz-new-1,gaz-new-1.jpg,active,??,Клубника; Манго; Лайм,Манго; Лайм,
Газированные,милкис 0.25 ж/б,1750,30 ?? ? ??,gaz-new-2,gaz-new-2.jpg,active,??,Классический; Банан; Клубника; Черника,Классический; Банан; Клубника; Черника,
Лимонады,"бардзими 0,5л стекло",1400,20 ?? ? ??,lim-1,lim-1.jpg,active,??,Тархун; Груша; Виноград,Тархун; Груша; Виноград,
Лимонады,"зеленокумский груша 0,5л стекло",860,20 ?? ? ??,lim-2,lim-2.jpg,active,???,,,
Лимонады,"Кристал 0,5л стекло",840,12 ?? ? ??,lim-4,lim-4.jpg,active,??,Груша; Тархун; Вишня; Ананас,Груша; Тархун; Вишня; Ананас,
Лимонады,"Аквалания 0,5л стекло",840,12 ?? ? ??,lim-5,lim-5.jpg,active,??,Груша; Тархун; Вишня,Груша; Тархун; Вишня,
Лимонады,"ГенаЦвале 0,5л стекло",680,12 ?? ? ??,lim-6,lim-6.jpg,active,??,АССОРТИ,АССОРТИ,
Лимонады,"Лейла 0,5л стекло",840,12 ?? ? ??,lim-7,lim-7.jpg,active,??,Груша; Тархун; Манго; Апельсин,Груша; Тархун; Манго; Апельсин,
Лимонады,"натахтари 0,5л стекло",1750,20 ?? ? ??,lim-3,lim-3.jpg,active,??,Груша; Тархун; Саперави,Груша; Тархун; Саперави,
Натуральные,"бариноф 0,5л стекло",660,12 ?? ? ??,nat-1,nat-1.jpg,active,??,Гранат; Мультифрукт; Яблоко,Гранат; Мультифрукт; Яблоко,
Натуральные,вико сок мультифрукт 1л пэт,780,6 ?? ? ??,nat-2,nat-2.jpg,active,??,Мультифрукт; Яблоко; Гранат; Апельсин; Вишня; Виноград; Персик; Ананас,Мультифрукт; Яблоко; Гранат; Апельсин; Вишня; Виноград; Персик; Ананас,
Натуральные,Сок Кубаночка 1л стекло,840,6 ?? ? ??,nat-33,nat-33.jpg,active,??,Яблоко; Персик; Манго; Апельсин; Вишня,Яблоко; Персик; Манго; Апельсин; Вишня,
Натуральные,J7 1л,700,4 ?? ? ??,nat-34,nat-34.png,active,??,Манго; Грейпфрут-Апельсин; Яблоко; Ягоды,Манго; Грейпфрут-Апельсин; Яблоко; Ягоды,
Натуральные,J7 Апельсин 1Л,215,4 ?? ? ??,nat-35,nat-35.png,active,???,,,
Натуральные,"вкусносок 0,2л",320,27 ?? ? ??,nat-3,nat-3.jpg,active,???,,,
Натуральные,вкусносок 1л,550,12 ?? ? ??,nat-4,nat-4.jpg,active,???,,,
Натуральные,"дивный сад 0,2л",540,27 ?? ? ??,nat-5,nat-5.jpg,active,???,,,
Натуральные,"палпи сок апельсин 0,5л пэт",690,12 ?? ? ??,nat-6,nat-6.jpg,active,??,Апельсин; Тропический,Апельсин; Тропический,
Натуральные,Палпи Апельсин 1Л,1080,12 ?? ? ??,nat-36,nat-36.png,active,???,,,
Натуральные,"рич 0,2л стекло",880,12 ?? ? ??,nat-7,nat-7.jpg,active,??,Вишня; Персик; Манго; Яблоко,Вишня; Персик; Манго; Яблоко,
Натуральные,"рич апельсин 0,2л стекло",1080,12 ?? ? ??,nat-8,nat-8.jpg,active,???,,,
Натуральные,"стом 0,5л",1080,12 ?? ? ??,nat-9,nat-9.jpg,active,??,Мультифрукт; Вишня; Яблоко,Мультифрукт; Вишня; Яблоко,
Натуральные,стом 1л пэт,870,6 ?? ? ??,nat-10,nat-10.jpg,active,??,Мультифрукт; Вишня; Яблоко,Мультифрукт; Вишня; Яблоко,
Натуральные,мой 0.2 детский,540,27 ?? ? ??,nat-new-1,nat-new-1.jpg,active,??,Яблоко; Вишня; Мультифрукт,Яблоко; Вишня; Мультифрукт,
Натуральные,южания 0.2 детский,415,25 ?? ? ??,nat-new-2,,draft,???,,,?? ??????? ???????? ????: nat-new-2
Натуральные,вико 0.2 детский,525,15 ?? ? ??,nat-new-3,nat-new-3.jpg,active,??,Мультифрукт; Яблоко; Персик,Мультифрукт; Яблоко; Персик,
Натуральные,дивный сад 2л,480,6 ?? ? ??,nat-new-4,nat-new-4.jpg,active,??,Мультифрукт; Персик; Манго-Апельсин,Мультифрукт; Персик; Манго-Апельсин,
Чай,"липтон 1,5л пэт",960,6 ?? ? ??,chai-1,chai-1.jpg,active,??,Персик; Зеленый,Персик; Зеленый,
Чай,"липтон персик 0,5л",780,12 ?? ? ??,chai-2.1,chai-2.1.jpg,active,???,,,
Чай,"липтон зеленый 0,5л",780,12 ?? ? ??,chai-2,chai-2.jpg,active,???,,,
Чай,Липтон 1л,1370,12 ?? ? ??,chai-3,chai-3.jpg,active,??,Персик; Зеленый,Персик; Зеленый,
Чай,"стом чай 0,33л ж/б",760,12 ?? ? ??,chai-4,chai-4.jpg,active,??,Персик; Манго-Ромашка; Ягоды,Персик; Манго-Ромашка; Ягоды,
Чай,"чай черный холодный 0,5л пэт",780,12 ?? ? ??,chai-5,chai-5.jpg,active,??,Персик; Манго-Ромашка; Ягоды,Персик; Манго-Ромашка; Ягоды,
Чай,"чай черный холодный 1,5л пэт",720,6 ?? ? ??,chai-6,chai-6.jpg,active,??,Персик; Манго-Ромашка; Ягоды,Персик; Манго-Ромашка; Ягоды,
Энергетики,"адреналин 0,25л ж/б",840,12 ?? ? ??,energy-1,energy-1.jpg,active,???,,,
Энергетики,"адреналин 0,5л ж/б",1160,12 ?? ? ??,energy-2,energy-2.jpg,active,???,,,
Энергетики,"болд 0,33л ж/б",670,12 ?? ? ??,energy-3,energy-3.jpg,active,??,Белый; Черный; Манго,Белый; Черный; Манго,
Энергетики,"болд 0,5л пэт",1170,12 ?? ? ??,energy-4,energy-4.jpg,active,??,Белый; Черный; Манго,Белый; Черный; Манго,
Энергетики,"горилла энержи 0,45л ж/б",1760,24 ?? ? ??,energy-5,energy-5.jpg,active,???,,,
Энергетики,"гоучемп 0,5л ж/б",1800,24 ?? ? ??,energy-6,energy-6.jpg,active,???,,,
Энергетики,"драйв 0,5л ж/б",770,12 ?? ? ??,energy-7,energy-7.jpg,active,???,,,
Энергетики,"ЛитЭнерджи 0,5л ж/б",870,12 ?? ? ??,energy-8,energy-8.jpg,active,??,Классик; Зеро; Черника; Малина; Персик; Гранат,Классик; Зеро; Черника; Малина; Персик; Гранат,
Энергетики,"ред булл 0,5л ж/б",2340,12 ?? ? ??,energy-9,energy-9.jpg,active,???,,,
Энергетики,"ред булл 0,25л ж/б",2470,24 ?? ? ??,energy-10,energy-10.jpg,active,???,,,
Энергетики,"ред булл персик 0,25л ж/б",2540,24 ?? ? ??,energy-11,energy-11.jpg,active,???,,,
Энергетики,"ред булл цветной 0,25л ж/б",2540,24 ?? ? ??,energy-12,energy-12.jpg,active,??,Арбуз; Черника; Желтый,Арбуз; Черника; Желтый,
Энергетики,"торнадо 0,5л ж/б",720,12 ?? ? ??,energy-13,energy-13.jpg,active,???,,,
Энергетики,"флеш 0,5л ж/б",1350,24 ?? ? ??,energy-14,energy-14.jpg,active,???,,,
Энергетики,К-13,1020,12 ?? ? ??,energy-k13,,draft,???,,,?? ??????? ???????? ????: energy-k13
Напитки разные,кофе 0.25 ж/б,1750,30 ?? ? ??,raznye-1,raznye-1.jpg,active,???,,,
Напитки разные,"Барбикан 0,5л стекло",590,6 ?? ? ??,raznye-2,raznye-2.jpg,active,??,Ананас; Гранат,Ананас; Гранат,
